{"cameraMode":{"drawMode":0,"name":"Shaded","section":"Shading Mode"},"sceneLighting":false,"audioPlay":false,"sceneViewState":{"showFog":true,"showMaterialUpdate":false,"showSkybox":false,"showFlares":true,"showImageEffects":true,"showParticleSystems":true},"in2DMode":false,"pivot":{"x":2.2383873462677,"y":1.4708234071731568,"z":-2.8881709575653078},"rotation":{"x":0.2681766152381897,"y":0.0014450548915192485,"z":-0.00040226621786132455,"w":0.9633690714836121},"size":2.2238078117370607,"orthographic":false}