{"cameraMode":{"drawMode":0,"name":"Shaded","section":"Shading Mode"},"sceneLighting":false,"audioPlay":false,"sceneViewState":{"showFog":true,"showMaterialUpdate":false,"showSkybox":false,"showFlares":true,"showImageEffects":true,"showParticleSystems":true},"in2DMode":false,"pivot":{"x":1.703808307647705,"y":1.0833745002746583,"z":-2.255807399749756},"rotation":{"x":0.2681766152381897,"y":0.0014450548915192485,"z":-0.00040226621786132455,"w":0.9633690714836121},"size":0.4395136535167694,"orthographic":false}