{"cameraMode":{"drawMode":0,"name":"Shaded","section":"Shading Mode"},"sceneLighting":false,"audioPlay":false,"sceneViewState":{"showFog":true,"showMaterialUpdate":false,"showSkybox":false,"showFlares":true,"showImageEffects":true,"showParticleSystems":true},"in2DMode":false,"pivot":{"x":1.347994089126587,"y":0.4973883628845215,"z":-9.289554595947266},"rotation":{"x":-0.010239816270768643,"y":0.9689769148826599,"z":-0.24361519515514375,"w":-0.04071948304772377},"size":4.987031936645508,"orthographic":false}